Tanggal;Tn;Tx;Tavg;RH_avg;ss;ff_x;ff_avg
01/10/2020;24;30.6;25.9;84;6.7;4;2
02/10/2020;23;35.3;27.7;76;0.5;8;2
03/10/2020;22.8;34.2;26.9;78;8;8;2
04/10/2020;22.6;32.3;27.3;76;6.6;4;1
05/10/2020;23.6;35;28.4;75;4.1;8;2
06/10/2020;23.1;34.5;27.2;76;8;7;2
07/10/2020;22.7;31.8;26.4;82;7.2;4;1
08/10/2020;22.8;32.5;26.2;81;4.8;6;1
09/10/2020;24;31.5;26.9;78;2.5;3;0
10/10/2020;23.9;34;27.4;76;0.5;4;1
11/10/2020;22.9;33.2;26.8;80;6.5;8;2
12/10/2020;22.8;33.6;26.5;84;4.7;6;2
13/10/2020;23.3;33;27.5;74;3.2;5;1
14/10/2020;23.6;33.8;27.1;78;1.2;5;1
15/10/2020;23;33.3;27.3;76;1.3;9;2
16/10/2020;22.9;35.6;27.9;74;3.9;3;1
17/10/2020;23.6;35.4;29.4;69;6.8;3;1
18/10/2020;23.5;34.3;28.4;73;9;4;1
19/10/2020;24.2;33;27.4;82;5.4;4;1
20/10/2020;23.2;32.5;27.8;77;5.3;4;1
21/10/2020;24.7;31.5;27.5;86;4.4;4;1
22/10/2020;23.2;30.5;26.1;88;0;3;1
23/10/2020;23.4;31.7;26.7;85;0.1;3;1
24/10/2020;23.8;32;27.5;86;0.3;4;1
25/10/2020;22.6;34;26.4;80;0;6;2
26/10/2020;23.2;31.5;27;77;4.9;4;1
27/10/2020;23.4;35.4;27.7;72;0.2;3;1
28/10/2020;23.6;33.8;28.3;72;7.6;4;1
29/10/2020;23.6;33.5;27.8;78;5.1;5;1
30/10/2020;23.2;34;27.5;77;7;3;1
31/10/2020;23.5;32.4;27.1;84;7;4;1
01/11/2020;22.7;32.5;26;82;3;6;2
02/11/2020;22.8;33.5;27.6;76;4.3;7;3
03/11/2020;22.8;32.2;25.7;85;6;8;1
04/11/2020;22.6;30.1;26.2;88;3.6;3;0
05/11/2020;23.6;31.5;26.3;94;0.5;5;1
06/11/2020;23.2;33.8;27;83;2.9;5;2
07/11/2020;23.4;32.2;26.9;84;4.8;6;2
08/11/2020;22.6;31.8;25.3;89;2;4;1
09/11/2020;23;32.2;26.6;81;2.5;4;2
10/11/2020;23.2;32.5;26.6;83;4.6;5;1
11/11/2020;23.6;33.6;27.7;78;1.9;6;1
12/11/2020;23.6;32.8;28.5;76;8;4;2
13/11/2020;25.2;34.5;28.6;77;8.7;3;1
14/11/2020;25.5;34;28.2;81;8.2;4;1
15/11/2020;24.2;33.6;26.7;83;4.2;9;2
16/11/2020;23.6;32.5;26.4;90;4.8;5;1
17/11/2020;22.6;31.8;25.5;92;5.3;4;1
18/11/2020;23.3;32.2;27.2;86;2.6;3;1
19/11/2020;23.6;34.2;27.1;84;4.1;7;1
20/11/2020;23.8;33.3;27.7;83;;3;0
21/11/2020;23.9;31.5;25.9;90;3.7;5;1
22/11/2020;23.2;32.5;26.6;86;0.8;8;3
23/11/2020;23.6;32.5;26.1;88;;6;2
24/11/2020;23.8;31;26;86;2.1;6;2
25/11/2020;23;30.7;26;88;2.4;5;1
26/11/2020;23.5;28.5;26;91;0.7;3;0
27/11/2020;24.2;31;26.7;87;;6;1
28/11/2020;23;31.5;24.8;87;1.4;7;1
29/11/2020;22.4;33.5;26.9;78;1.6;4;1
30/11/2020;24;33;27.7;81;5.3;4;0
01/12/2020;23.8;34.3;27.8;78;4.8;6;1
02/12/2020;23;33.3;27.5;75;7.8;5;2
03/12/2020;23.8;34;28.1;75;8.5;6;2
04/12/2020;23.6;32.5;27.1;79;7.8;5;1
05/12/2020;23.8;32.5;27.2;82;4.1;4;2
06/12/2020;24.2;32.8;27.9;78;5.2;6;2
07/12/2020;24.8;32.6;27.7;76;4.2;7;2
08/12/2020;22.4;34.2;27;77;4.5;4;2
09/12/2020;22.8;32.8;26.5;79;7.1;4;2
10/12/2020;23;31.5;26.8;80;4.6;4;1
11/12/2020;23.8;32.8;27.9;72;1.7;5;2
12/12/2020;24.2;33.7;27.3;77;7;5;2
13/12/2020;23.8;32.7;27.2;78;6.6;5;2
14/12/2020;22.9;33.5;27;77;3.7;5;2
15/12/2020;23.2;29.8;25.8;85;6.4;8;2
16/12/2020;22.2;30.5;25.7;87;3.2;4;1
17/12/2020;22.8;33.4;27;82;0;5;3
18/12/2020;22.6;31;25.9;83;8.2;5;2
19/12/2020;22.9;30.5;26.4;81;2.7;5;2
20/12/2020;22.9;32.2;25.8;82;0.7;5;2
21/12/2020;23;31.2;26.5;81;4;4;1
22/12/2020;23.7;31.8;27.1;81;2;5;1
23/12/2020;22.8;33.4;27.5;75;4.9;5;2
24/12/2020;23;31.8;25.9;88;8.7;3;0
25/12/2020;23.4;34.7;27.7;76;0;3;1
26/12/2020;23.5;30.5;25.8;85;7.3;4;2
27/12/2020;23.2;32.2;26.7;79;2;3;1
28/12/2020;23;29.5;25.4;88;5.1;3;1
29/12/2020;23.4;30.2;25.9;86;0.3;3;0
30/12/2020;23.2;29.3;25.2;91;0.4;3;0
31/12/2020;22.3;29.5;25.2;85;0.2;3;1
01/01/2021;22.2;30.5;26.1;84;0;5;2
02/01/2021;;29.5;25.5;84;;5;2
03/01/2021;23.4;;26.4;81;0.8;7;3
04/01/2021;23.7;30.8;26.5;83;4.6;4;2
05/01/2021;23.5;32.4;27;79;0.8;5;2
06/01/2021;24.2;31.4;27.5;77;6.7;8;3
07/01/2021;;33;26.3;82;4.2;6;2
08/01/2021;23.8;32.1;26.8;82;0;6;3
09/01/2021;22.2;29.2;24.8;88;3.7;5;2
10/01/2021;22.2;;23.8;94;0.1;4;1
11/01/2021;22.5;29;25;90;0;6;1
12/01/2021;;27;23.5;96;0.5;4;1
13/01/2021;22.8;;24.7;88;0;4;1
14/01/2021;22.8;28.9;25.1;86;0.2;6;1
15/01/2021;22.9;31.7;26.5;79;2.3;5;1
16/01/2021;23;32;27;77;6.5;5;1
17/01/2021;23.4;31.7;27.4;80;4.3;7;2
18/01/2021;22;;24.8;82;3;4;1
19/01/2021;22;30.1;25.5;80;0.1;4;1
20/01/2021;;30.6;25.9;77;2.7;4;1
21/01/2021;22.6;33.5;27.5;72;4.2;5;1
22/01/2021;22.2;32.2;26.1;81;6.6;5;1
23/01/2021;22.7;;25.9;80;6;4;1
24/01/2021;23;32.4;26.9;78;2.4;3;1
25/01/2021;;30.6;26.4;80;7.1;4;0
26/01/2021;23.2;30;25.7;86;2.5;4;1
27/01/2021;23.6;32.4;26.8;78;1;5;1
28/01/2021;23.8;;24.3;95;4.1;4;1
29/01/2021;22.4;29.7;25.4;83;0;6;1
30/01/2021;;31.6;26.7;76;0.8;6;2
31/01/2021;22.2;31.7;25.8;81;7;4;1
01/02/2021;22.3;32.2;27.1;80;2.5;4;2
02/02/2021;24.3;;26.4;81;3.6;8;2
03/02/2021;24;31.8;26.7;78;5;4;1
04/02/2021;;30;25.9;80;1.8;6;1
05/02/2021;23.2;30.2;26.4;76;2.8;4;1
06/02/2021;23.3;33.4;27.6;74;3.3;4;1
07/02/2021;24;33;27.5;74;7.5;5;1
08/02/2021;23.8;33.5;27.1;80;7.9;8;2
09/02/2021;22;32.5;26.7;82;4.1;4;1
10/02/2021;;33.4;27.6;87;8.5;7;2
11/02/2021;24.2;32.6;27.8;82;5.6;13;2
12/02/2021;21.8;34.1;27.7;82;5.2;3;1
13/02/2021;22.8;31.3;26.6;79;5.7;5;1
14/02/2021;21.5;32.6;26.2;82;5;4;1
15/02/2021;22.7;32;26.7;79;4.1;4;1
16/02/2021;;33;26.8;73;4.5;4;2
17/02/2021;23.3;32.8;27.4;74;8.8;4;1
18/02/2021;23.3;30.2;26.1;71;5.5;4;1
19/02/2021;23;;26;79;2.8;6;2
20/02/2021;23.4;30.7;26.6;72;3;5;2
21/02/2021;;32.2;27.1;72;1.2;4;2
22/02/2021;23.2;32.5;27;74;6.8;3;1
23/02/2021;23.4;33.2;27.2;70;6.4;3;0
24/02/2021;23.3;32.5;26.7;77;5;8;1
25/02/2021;22.4;33.7;27.1;76;2.5;8;3
26/02/2021;;32.3;26.9;76;6.2;5;3
27/02/2021;22.8;35;28.4;69;3.3;3;2
28/02/2021;22.9;34;28.5;71;6.4;5;1
01/03/2021;24.2;34.5;28.4;70;5.5;5;2
02/03/2021;24;33.5;28.1;75;3.4;5;2
03/03/2021;;33.2;27.6;69;4.8;4;1
04/03/2021;23.4;33;28;72;7;3;1
05/03/2021;24;32;27.3;80;3.8;5;1
06/03/2021;23.8;32.7;26.1;86;4.3;6;2
07/03/2021;22.6;28.1;24.6;89;3;4;1
08/03/2021;;32.2;26.9;78;0;4;1
09/03/2021;23.2;31.2;27.2;75;7.6;4;1
10/03/2021;23.6;32.2;26.1;82;2.8;3;1
11/03/2021;22.4;32.6;25.5;86;5;8;1
12/03/2021;;31.5;23.7;94;4.9;9;2
13/03/2021;22.7;32;25.9;83;3.1;3;1
14/03/2021;22.8;33.5;25.9;82;6.2;5;1
15/03/2021;23.8;32;27.4;78;4.9;6;2
16/03/2021;23.6;32.8;27.2;81;6.5;6;2
17/03/2021;21.4;32.3;26.1;82;3.8;5;1
18/03/2021;;33.6;26.5;81;4.8;7;2
19/03/2021;22.6;33.2;27.2;76;4.7;4;1
20/03/2021;23;32;27.7;77;5.1;4;1
21/03/2021;24.4;32;27.5;80;2.4;3;1
22/03/2021;24.3;33.5;26.6;85;3.1;8;1
23/03/2021;23.4;31;24.9;94;2.8;6;1
24/03/2021;23.5;29.1;25.7;85;3.8;5;2
25/03/2021;23.6;30.4;26;88;0;4;1
26/03/2021;23.9;31.8;27;83;3.1;6;1
27/03/2021;22.2;25.2;23.4;93;4;3;0
28/03/2021;22;33.2;27.2;80;0;5;1
29/03/2021;22.4;32;26.2;84;4.9;5;1
30/03/2021;;35.5;28;76;3.2;4;1
31/03/2021;24.2;34.2;28.8;72;7.7;6;2
01/04/2021;24.4;32.8;27.6;68;8.3;5;2
02/04/2021;24.2;34.3;28.5;65;4.1;7;4
03/04/2021;23.8;33.2;27.7;72;7.3;5;2
04/04/2021;22.2;33.2;27.4;72;3.2;7;2
05/04/2021;;34.8;28.3;77;6.7;8;3
06/04/2021;23.3;33.6;27.8;76;6.2;5;1
07/04/2021;22.2;34.3;27;78;7.5;5;2
08/04/2021;22.4;33.8;27.4;78;5.4;6;2
09/04/2021;22.7;32.8;27;76;6.1;5;2
10/04/2021;23.1;34.2;27.2;79;7.2;5;1
11/04/2021;24.2;32.9;27.6;78;3.5;5;2
12/04/2021;23.2;31.8;26.8;80;5.3;4;1
13/04/2021;23.2;34.8;28;76;3.6;7;1
14/04/2021;22.8;33.2;26.4;82;4.8;3;0
15/04/2021;23;34.7;27.8;80;4.2;8;3
16/04/2021;23.5;32.6;26.9;83;9.1;9;2
17/04/2021;22.3;33.2;24.2;90;5.9;3;1
18/04/2021;22.8;33.6;27.8;76;0;5;2
19/04/2021;22.8;32.6;26.9;81;9.3;5;1
20/04/2021;22.4;33.2;27.2;79;3.7;4;1
21/04/2021;22.8;34;28;80;6.7;6;2
22/04/2021;22.8;30.6;26;87;6.8;4;0
23/04/2021;;33.5;27.5;79;2.1;3;1
24/04/2021;23;31;26.1;83;4.5;3;0
25/04/2021;23.3;34.5;28.1;78;1.8;4;1
26/04/2021;23;27.5;24;94;5;4;0
27/04/2021;22.9;31.9;26.4;83;0;5;1
28/04/2021;22.8;34;28;78;4.6;5;1
29/04/2021;23;32.5;26.2;86;6.5;5;2
30/04/2021;22.4;30.6;25.7;87;4.2;4;1
01/05/2021;23.2;33.1;27;84;1.5;5;1
02/05/2021;23.7;32.6;26.4;86;5.1;7;1
03/05/2021;22.9;33;26.5;84;3.8;4;1
04/05/2021;23.6;31.6;26.6;86;5.9;7;1
05/05/2021;24;32.3;25.6;88;2.7;7;1
06/05/2021;23.7;31.8;26;89;4.2;4;1
07/05/2021;23.2;33.4;27.6;85;2.3;3;0
08/05/2021;23.6;33;28.2;83;3.7;3;0
09/05/2021;24.9;34;28.6;78;4.8;4;1
10/05/2021;24.9;33.6;28.3;78;7;5;1
11/05/2021;25.2;29;25.9;92;5.2;6;1
12/05/2021;23.8;32.6;26.6;88;0;6;1
13/05/2021;24.1;33.4;27.7;82;2.4;8;1
14/05/2021;23.8;33.3;27.8;79;5.9;4;2
15/05/2021;23.8;32.4;26.9;84;5.5;4;1
16/05/2021;24;34.5;28.4;79;2.5;6;2
17/05/2021;24.9;33.3;27.4;84;5.8;5;1
18/05/2021;24.1;32.8;26.6;88;4.3;7;2
19/05/2021;23.9;31.5;26.7;89;2.7;6;1
20/05/2021;24.1;34.7;28;81;1.2;3;0
21/05/2021;24.7;33.3;26.8;84;5.3;8;2
22/05/2021;23;32;26.1;86;5;4;1
23/05/2021;23.8;34;28.5;77;1.3;3;1
24/05/2021;24.9;34.8;28.8;78;6.8;4;1
25/05/2021;23;33.9;27.5;80;7.5;4;1
26/05/2021;23.6;33.5;28.6;81;7.5;6;2
27/05/2021;24.5;33.4;27.3;84;5.1;4;1
28/05/2021;24.3;33.7;28.3;78;4.7;5;1
29/05/2021;24.2;34.3;28.1;76;6.5;5;1
30/05/2021;24.5;34.7;28.8;76;9.2;5;2
31/05/2021;24.4;34.6;28.7;72;9;4;1
01/06/2021;24.4;32.5;27.8;77;8.5;5;1
02/06/2021;24.3;31.8;27.5;83;2.4;5;2
03/06/2021;24;33.6;27.7;76;4.6;6;2
04/06/2021;24.3;31.2;26.6;90;4.6;9;2
05/06/2021;24.6;33.2;27.7;83;1.8;5;1
06/06/2021;23.8;35.1;28.9;70;2.3;4;1
07/06/2021;24.5;34.5;28.4;75;5.5;4;1
08/06/2021;24.8;34.6;28.5;73;6;4;1
09/06/2021;23.4;35;27.9;74;2.9;5;1
10/06/2021;24;33.2;27.4;78;2.8;5;1
11/06/2021;24.3;32.6;27.8;78;2.5;5;2
12/06/2021;24.6;34;27.5;78;2.1;7;3
13/06/2021;22.4;32.6;26.4;80;1;5;2
14/06/2021;22.9;34;28;78;4;6;2
15/06/2021;23.1;33.5;26.1;86;1.8;5;2
16/06/2021;22;33.5;26.4;79;5;4;1
17/06/2021;22.5;35;27.9;74;7.1;4;2
18/06/2021;21;30.2;25.1;80;9.2;4;1
19/06/2021;21.4;32.6;27.1;81;2.6;5;1
20/06/2021;22.8;34;27.2;74;2.4;5;1
21/06/2021;23;33.9;28.2;71;6.4;6;1
22/06/2021;23.5;34;26.1;83;6.9;11;2
23/06/2021;23.3;34.6;27.6;72;7.3;4;1
24/06/2021;23.6;32;27.4;79;8.8;4;1
25/06/2021;23.8;32.2;27.9;78;5.6;9;2
26/06/2021;22.8;31.5;26.3;80;4.7;3;1
27/06/2021;22.9;33;27.1;74;4.2;6;1
28/06/2021;23.2;34.8;27.8;75;7.4;7;2
29/06/2021;23;30.5;25;87;6.8;10;2
30/06/2021;23;32.8;26.7;78;3.6;3;1
01/07/2021;23.5;33;28.5;73;3.7;5;2
02/07/2021;24;33;27.6;75;7.4;5;1
03/07/2021;23.6;33.6;28.1;73;6.6;6;2
04/07/2021;23.6;32.4;26.8;80;9.2;4;1
05/07/2021;23.9;32;27.3;78;3.7;6;2
06/07/2021;24.3;32.2;27.4;76;7.4;5;1
07/07/2021;24.1;32.8;27.5;74;2.8;5;1
08/07/2021;23.8;34.5;28.2;73;6;5;1
09/07/2021;24.8;34.5;27.7;80;7.3;5;2
10/07/2021;22.3;30.4;25.7;84;2.3;5;2
11/07/2021;23.3;31.5;25.5;86;1.6;6;2
12/07/2021;23.3;32.1;27.3;78;2.1;8;2
13/07/2021;21;29.2;24.4;85;7.2;5;2
14/07/2021;21.7;29;25.2;82;0;6;2
15/07/2021;21;36;27.2;73;0;5;1
16/07/2021;21.6;33.1;27.3;78;8.5;6;2
17/07/2021;23.4;34.2;27.8;78;5.2;6;2
18/07/2021;23.8;34.2;28.1;71;8.8;6;2
19/07/2021;24;33.5;26.5;80;8.2;4;1
20/07/2021;23.4;33.9;27.2;77;3.8;4;1
21/07/2021;23.6;35.1;28;72;6.6;6;2
22/07/2021;23.7;34.5;28.2;74;9.4;5;2
23/07/2021;24.2;34;28.1;76;8.3;6;1
24/07/2021;24;33.6;27.8;76;5.3;7;2
25/07/2021;25.2;33.2;28.9;75;4.8;8;2
26/07/2021;25.9;33.3;28.7;72;7.1;5;2
27/07/2021;24.5;33.5;28.5;68;8.7;6;2
28/07/2021;23.6;34.8;27.8;67;9.6;6;2
29/07/2021;23.3;35.1;28.3;67;8.4;6;2
30/07/2021;23.8;34.6;28;71;8.6;8;2
31/07/2021;22.4;31.6;26.2;84;7.2;4;1
01/08/2021;22.5;32.5;26.8;78;0.6;4;0
02/08/2021;23.8;34.5;28.1;74;1.5;14;1
03/08/2021;22.6;34.7;26.9;79;7.1;5;2
04/08/2021;23.4;29.6;25.3;88;4;5;2
05/08/2021;24;35;28;74;0;3;1
06/08/2021;;34.4;28.1;77;8.7;6;2
07/08/2021;25.1;34;28.7;74;8.5;5;2
08/08/2021;22.6;30.9;25.8;84;5.2;4;1
09/08/2021;22.8;33.6;27.2;76;3.4;4;0
10/08/2021;23.8;33.7;28.2;74;6.5;5;2
11/08/2021;24.4;33.1;27.4;78;8.9;6;2
12/08/2021;24.4;32.8;27.3;80;5.7;7;2
13/08/2021;23.3;34.5;28;72;5.2;7;2
14/08/2021;23.9;33.5;26.1;84;8.5;4;2
15/08/2021;24;32.8;27.2;80;3;5;2
16/08/2021;22.8;32.4;26.6;81;5;6;2
17/08/2021;23.4;31;24.7;89;6.1;6;1
18/08/2021;22.5;31.5;25.1;87;5.1;6;2
19/08/2021;22;31;25.5;84;2.4;5;1
20/08/2021;23.1;31.8;25.8;83;5.2;6;1
21/08/2021;22.3;32.2;26.7;80;1.3;4;1
22/08/2021;22.8;30.5;25.2;86;5.7;5;1
23/08/2021;23.3;31;26.1;84;1.4;5;1
24/08/2021;23.3;32;26.4;81;1.5;4;1
25/08/2021;21.8;32.1;25.9;83;1.7;6;2
26/08/2021;23;32.5;27;79;2.8;4;1
27/08/2021;23.2;33.3;27.7;78;6.7;6;2
28/08/2021;24.2;34.4;28.2;74;5.7;5;2
29/08/2021;23.8;33;27.3;77;9.1;7;2
30/08/2021;22.7;32.5;26.8;79;6.8;6;2
31/08/2021;22.8;33.4;25.9;84;5.1;4;2
01/09/2021;22.6;33;25.5;85;3.3;7;1
02/09/2021;23.4;29.6;25.7;83;4.8;3;1
03/09/2021;23;34;27.8;72;1;5;1
04/09/2021;24.2;33.2;26.6;80;9;4;1
05/09/2021;24;33.7;26;82;4.5;4;1
06/09/2021;23;33;27.2;78;5.1;5;1
07/09/2021;24;32.4;27.5;76;6.8;5;1
08/09/2021;23;33.5;25.3;82;3.6;7;1
09/09/2021;22.6;34.4;27.8;74;4.7;4;1
10/09/2021;23.6;30.6;26.3;86;8;5;2
11/09/2021;23.7;33.5;27.2;78;4.7;5;2
12/09/2021;22.8;29.2;25;89;5.6;3;0
13/09/2021;23;30.4;25.6;86;0;4;1
14/09/2021;22.5;29.8;25.5;83;0.4;3;1
15/09/2021;22.6;34.1;28.3;75;0;4;1
16/09/2021;24.4;34.1;28.5;77;7.5;6;2
17/09/2021;23.6;33.2;27.6;75;6.5;8;2
18/09/2021;24;33.8;27.9;78;6.4;8;3
19/09/2021;24.1;32.5;27.3;76;4.3;6;3
20/09/2021;23.4;34;27.7;74;4.9;7;2
21/09/2021;21.3;31.5;25.2;86;6.8;5;2
22/09/2021;22.9;31.8;25.9;81;4;8;2
23/09/2021;22.3;32.6;26.4;82;2.3;7;2
24/09/2021;23;33.6;27.7;78;5.2;4;1
25/09/2021;22.8;34.5;27.4;74;6.4;3;0
26/09/2021;23.5;33.6;26.6;87;5.6;6;1
27/09/2021;23.2;32.6;26.3;86;3.1;6;1
28/09/2021;23;31;26.4;88;4.3;7;1
29/09/2021;23.4;31.2;27.1;81;2.2;7;2
30/09/2021;23.3;29.2;25.7;88;5.1;3;1
01/10/2021;23.3;33;27.5;76;0.1;5;2
02/10/2021;23.2;34.4;26.1;84;;4;1
03/10/2021;23.9;33.6;27.5;78;0.6;3;1
04/10/2021;24.1;35.4;29;66;4.6;5;1
05/10/2021;24.3;32.6;27.3;76;9.1;5;1
06/10/2021;24.1;35.4;28.6;70;2;7;2
07/10/2021;24.3;34;27;77;9.5;7;2
08/10/2021;22.4;35.7;28;75;6.6;5;1
09/10/2021;23.6;33;27.4;78;8.9;7;2
10/10/2021;23.3;31;25.7;88;7.8;4;2
11/10/2021;23.5;33.4;27.8;71;1.5;6;1
12/10/2021;23.4;35;28.4;74;5.4;5;2
13/10/2021;24.2;34;28.5;74;6.8;5;2
14/10/2021;25;35.5;29.3;70;6.7;5;2
15/10/2021;25;35.6;29;65;8;4;1
16/10/2021;25.6;34;28;77;8.1;6;1
17/10/2021;22.6;30.5;25.3;85;4.5;6;1
18/10/2021;23.2;32.5;25.9;87;2.9;4;1
19/10/2021;23.6;34.5;28.4;78;4.8;4;1
20/10/2021;23.2;25;23.4;96;8.2;4;0
21/10/2021;22.6;33;26.5;81;0;4;2
22/10/2021;23.2;31;25.9;92;0;4;0
23/10/2021;23;33.4;27.6;80;2;8;2
24/10/2021;23;34;26.8;81;7.8;6;1
25/10/2021;23.6;32.2;27;82;6;3;0
26/10/2021;23.8;33.5;27.4;79;7;3;1
27/10/2021;24;34.2;27.7;80;7.4;6;2
28/10/2021;23.9;30.8;26.5;86;6.5;6;2
29/10/2021;22.4;32.8;27.1;78;1.5;5;2
30/10/2021;23.6;32.4;26.8;85;7.3;6;1
31/10/2021;23.6;33.4;27.8;81;5.3;6;2
01/11/2021;23;32.5;26.2;84;5.7;5;1
02/11/2021;23.2;32;25.7;91;4.3;5;2
03/11/2021;23;31;26.5;84;6;5;2
04/11/2021;23.1;32.6;27.4;79;4.4;6;2
05/11/2021;23.6;30.6;25.3;92;6.6;4;2
06/11/2021;23.8;33.4;27.3;82;2.8;4;1
07/11/2021;24;31.7;26.3;84;5.7;6;1
08/11/2021;24.2;34;27.4;78;3;5;1
09/11/2021;24;34.6;29;74;3.8;9;3
10/11/2021;23.4;31.5;25.9;87;9.4;5;1
11/11/2021;23;32.5;26.8;82;0.2;9;2
12/11/2021;22.6;32.4;27.3;80;3.4;4;1
13/11/2021;23.8;32.8;26.5;87;3.8;4;0
14/11/2021;24.6;34.4;28;79;0.4;5;1
15/11/2021;24.4;32.5;27.7;84;5;5;1
16/11/2021;25;34.4;28.5;77;2.8;4;1
17/11/2021;23.8;33.5;27.3;76;5.3;6;1
18/11/2021;23;31.6;26.1;85;3.8;4;1
19/11/2021;23.3;32.6;27.1;80;3.8;5;1
20/11/2021;23.2;31.6;26.6;83;5.6;5;1
21/11/2021;24;34.2;26.1;89;4.2;12;2
22/11/2021;23;34;27.6;79;6.5;4;1
23/11/2021;23.8;31.4;27.5;85;9.2;6;2
24/11/2021;22.9;29.5;25.2;92;4.9;3;0
25/11/2021;23.2;32.6;27.7;81;0;7;2
26/11/2021;22.7;31;26.2;88;5.4;7;2
27/11/2021;23.2;34.2;28.2;76;4.3;5;1
28/11/2021;24;33.4;27.6;80;8.2;5;2
29/11/2021;23.8;34.8;28;72;5.4;4;2
30/11/2021;23;33.8;28.1;73;9.1;4;1
01/12/2021;23.9;32.8;28.3;76;8;4;1
02/12/2021;24.3;;;5.8;4;1
03/12/2021;23.2;;26.7;80;0.9;6;2
04/12/2021;23.6;32.5;27.3;82;3.3;9;3
05/12/2021;22.9;30.6;25.9;82;3.4;7;2
06/12/2021;21.4;31.8;26.4;83;0.2;4;2
07/12/2021;22.6;32.5;26.9;82;6.5;6;1
08/12/2021;23.2;32.7;27.9;78;3.8;6;1
09/12/2021;23.9;31.4;27;83;5.4;5;2
10/12/2021;23.5;25.6;24.2;95;3.2;4;1
11/12/2021;23.1;31.5;26.5;85;0;6;2
12/12/2021;23.7;30.4;26.1;89;1.8;3;1
13/12/2021;23.3;31.5;25.8;89;1.4;4;1
14/12/2021;23;32;26.5;89;2;5;1
15/12/2021;23.4;32.6;27.3;85;4.7;4;2
16/12/2021;23;33;26.3;86;4.3;6;2
17/12/2021;23;31.8;26.1;87;7.4;6;2
18/12/2021;23.2;30.6;25.9;89;0.5;4;1
19/12/2021;23.4;31.5;26.8;86;0.5;6;2
20/12/2021;23.9;31.5;26.9;85;3.2;5;1
21/12/2021;24.2;34.5;27.9;79;0.3;5;1
22/12/2021;24.3;31.5;27;86;7;4;2
23/12/2021;23.4;31.4;26.2;88;0.5;4;2
24/12/2021;23.7;33.4;27.4;80;2.9;5;2
25/12/2021;23.2;30.4;26.7;84;8.6;4;1
26/12/2021;23.5;30.8;26.3;90;5.4;4;1
27/12/2021;23.9;31;26.5;84;2.3;4;1
28/12/2021;23.3;31.4;26.5;88;2.3;5;1
29/12/2021;23;33.4;27.5;81;4;4;1
30/12/2021;24.1;32.4;26.8;86;6.1;6;2
31/12/2021;23.6;30.4;26;92;2.3;5;2
01/01/2022;23.5;30.7;25.3;93;2.1;5;1
02/01/2022;23.4;26.4;24.6;96;1.5;5;1
03/01/2022;23;30.8;25.7;90;0;4;1
04/01/2022;23.6;31;26.6;88;2.5;6;2
05/01/2022;23.3;32.4;26.9;85;6.8;4;1
06/01/2022;23.8;33;27.3;85;5.9;5;2
07/01/2022;23.9;32.6;27.3;82;3.9;4;1
08/01/2022;24.5;33.7;27.7;86;5.1;5;2
09/01/2022;23.2;33;27;82;7.2;6;2
10/01/2022;23.2;32.2;26.5;87;6.2;7;2
11/01/2022;23.3;31.2;26.7;85;2.5;5;1
12/01/2022;22.4;31.4;26.2;81;4.6;4;1
13/01/2022;22.8;32.4;26;77;4;7;2
14/01/2022;23;32.3;26.6;74;6.8;5;2
15/01/2022;22;33.1;26.7;78;7.5;6;2
16/01/2022;22.6;32.6;27.8;75;6.3;5;1
17/01/2022;23.8;31.5;26.6;87;6.2;5;1
18/01/2022;21.6;29.5;24.6;92;4.3;4;1
19/01/2022;22.2;29.8;25;93;;6;1
20/01/2022;22.3;32;26.3;82;1.1;4;1
21/01/2022;22.5;32.5;26.9;85;7;7;2
22/01/2022;23.6;31.2;25.8;91;6.4;4;0
23/01/2022;23.1;32.3;26.1;90;2.6;7;1
24/01/2022;23.2;34.2;26.3;90;5.3;5;1
25/01/2022;23.2;31.2;25.8;91;0;5;2
26/01/2022;22.4;30.5;25.3;88;2.4;4;1
27/01/2022;22.8;33.3;27.3;80;0.7;3;1
28/01/2022;23.2;32.8;27.1;82;7.8;3;0
29/01/2022;23.1;33.2;27.5;82;3.8;4;1
30/01/2022;24.3;34;28.2;81;5.4;9;2
31/01/2022;24.1;31.7;27.2;86;5.9;6;1
01/02/2022;24;29.4;25.7;95;4.3;5;1
02/02/2022;23.4;30.5;26.5;88;0.7;3;1
03/02/2022;23.8;33.3;27.7;82;2.2;5;2
04/02/2022;24;30.8;26.3;90;5.8;6;3
05/02/2022;22.4;29;25.1;92;5.6;3;1
06/02/2022;22;27.4;24;98;0.5;4;1
07/02/2022;22.5;33.6;27.4;77;0;6;2
08/02/2022;22.8;32.8;25.5;90;6.8;7;2
09/02/2022;23;32;25.5;92;4.6;4;1
10/02/2022;22;28.3;24.4;93;2.6;5;2
11/02/2022;22;31;25.7;87;0;8;2
12/02/2022;22.7;32.4;26.7;84;4.3;4;2
13/02/2022;23;32.4;26.8;84;7.8;9;1
14/02/2022;22.8;32.6;26.5;91;5.8;4;1
15/02/2022;23.1;32.5;27.8;85;4.2;13;3
16/02/2022;22.1;30;25.4;88;4.5;7;1
17/02/2022;22.3;32.5;26.5;80;2.8;3;1
18/02/2022;22.6;32.5;28;84;5.4;5;2
19/02/2022;22.2;33.4;25.9;86;7.5;4;1
20/02/2022;22.3;35;28;78;4.2;7;1
21/02/2022;23.6;33;27.8;80;9.3;5;2
22/02/2022;24;32.4;26.2;90;6.8;3;0
23/02/2022;23.6;32.5;26.7;89;5;9;2
24/02/2022;21.8;29;24.8;91;5.6;3;1
25/02/2022;23.5;33;27.4;82;1;7;3
26/02/2022;23;33.5;27.4;85;10;4;1
27/02/2022;22.5;30.4;25.3;91;3.7;4;1
28/02/2022;23;31.2;26.7;89;2.7;5;1
01/03/2022;23.2;31.6;26.6;89;3.8;5;1
02/03/2022;22.5;33.4;26.7;86;2.8;5;1
03/03/2022;22.8;30.5;26.1;90;6.4;4;1
04/03/2022;23;33.3;26.8;87;2;8;2
05/03/2022;23.3;33.2;26.3;90;5.9;6;2
06/03/2022;23;32;25.8;93;4.1;7;2
07/03/2022;23;32.7;26;89;3.5;4;1
08/03/2022;23;32.4;26.7;88;5.4;4;2
09/03/2022;23.8;33;27.7;87;4.4;6;2
10/03/2022;22.8;29.6;25.5;93;4;6;1
11/03/2022;23;33.8;27.4;85;0.8;4;2
12/03/2022;23;34;27.4;86;8;7;2
13/03/2022;23.8;34.8;28.5;79;7.7;5;2
14/03/2022;24.8;32.6;27.8;90;8.6;5;2
15/03/2022;22.9;;26.9;90;3.4;6;1
16/03/2022;22.4;32.6;26.4;90;2.4;3;0
17/03/2022;22.7;32.5;26.6;90;;14;2
18/03/2022;24.2;32.4;27.9;85;4.5;4;1
19/03/2022;23.4;35.1;28.5;80;2.8;8;2
20/03/2022;23.6;34.6;28.2;80;5.7;4;1
21/03/2022;23.2;33.6;27.4;82;6.2;3;0
22/03/2022;25;34.5;29.1;82;3.9;4;1
23/03/2022;24;34.3;;;5.8;4;0
24/03/2022;24;34;28.9;83;3.6;4;1
25/03/2022;24;34;28.3;82;3.8;4;0
26/03/2022;24.7;35;28.9;78;4.1;4;1
27/03/2022;23.4;34.7;28.4;73;5.2;5;2
28/03/2022;23.7;35;28.9;71;6.6;6;2
29/03/2022;24.6;35.5;28.8;76;7.8;5;2
30/03/2022;26;35;29.6;73;8.6;4;1
31/03/2022;25;32;27.8;82;5.9;6;2
01/04/2022;24.6;35.3;29.3;74;0.8;4;2
02/04/2022;22;35.9;26.6;80;8.8;4;2
03/04/2022;22.1;34.3;28.2;76;6.1;6;2
04/04/2022;24.4;33.8;28.9;79;6.5;6;1
05/04/2022;22.2;32.5;26.2;89;5.6;4;1
06/04/2022;23.2;34.8;27.7;80;3.1;6;2
07/04/2022;22;29.4;25.8;92;8.7;3;0
08/04/2022;23;32.6;28;87;0;7;2
09/04/2022;21.9;32;26;91;6.2;3;0
10/04/2022;23;32.5;27.2;82;1.9;7;1
11/04/2022;23.4;31.8;26.8;91;7;7;1
12/04/2022;22.2;32.8;25.9;87;2.8;3;1
13/04/2022;22.8;32.5;26.8;90;4.9;4;1
14/04/2022;23.4;34.2;28;80;9999;7;1
15/04/2022;23;32.1;26.8;90;7.2;5;1
16/04/2022;23.2;32.8;27.6;82;0;7;1
17/04/2022;23.4;30.8;27.1;89;0;4;1
18/04/2022;23.8;30.2;26.4;94;3.1;8;2
19/04/2022;23.6;34;;;0.2;9;2
20/04/2022;23.8;32.5;27.7;84;6.3;8;2
21/04/2022;22.7;29;26;88;7.9;3;0
22/04/2022;23;34.4;28.1;82;0;5;1
23/04/2022;24.3;32.1;26.7;95;7.5;5;1
24/04/2022;24.2;33.2;27.8;88;4.6;5;1
25/04/2022;23;30;25.8;94;5.8;5;1
26/04/2022;23.1;33.4;28.6;81;0.4;5;1
27/04/2022;24.5;32.8;27.6;88;4;4;1
28/04/2022;24;33.2;28.1;83;3.3;5;1
29/04/2022;23.2;35.2;28;76;6;6;2
30/04/2022;23;33.5;27.2;82;9.1;6;2
01/05/2022;23.4;33.7;26.5;86;7.8;6;1
02/05/2022;23.5;33.2;27.4;82;6.3;4;1
03/05/2022;24;34.8;28;78;5.5;8;1
04/05/2022;23.6;33.3;27.5;82;7.4;4;2
05/05/2022;23.8;31.6;27.3;81;3.4;4;1
06/05/2022;24.4;33.4;27.7;79;3.6;5;3
07/05/2022;24.4;34.3;28.3;75;7.5;5;2
08/05/2022;25;32.2;28;82;3.8;5;1
09/05/2022;25.2;34;29.3;76;1.7;6;2
10/05/2022;25.2;33.8;27;84;7.5;6;2
11/05/2022;23.2;32.2;25.8;85;5.1;12;2
12/05/2022;23.4;34.2;;;5.1;6;2
13/05/2022;24;35;29.3;72;8.9;5;1
14/05/2022;25.2;34;29.9;75;9.7;4;1
15/05/2022;25.4;31.5;26.8;90;5.7;6;2
16/05/2022;23.6;28.2;25.1;90;1.2;6;2
17/05/2022;23.2;34.1;27.3;80;0.8;3;1
18/05/2022;24;35.3;28.6;76;9.3;3;1
19/05/2022;25;30.6;27.4;87;9;5;0
20/05/2022;24.6;32.6;27.8;81;0;3;1
21/05/2022;24.3;33.7;28.4;76;4.2;5;1
22/05/2022;22.6;34.6;27.7;78;7.3;5;1
23/05/2022;21.8;34;29.3;74;7.4;4;1
24/05/2022;25;34;29;77;4.7;5;2
25/05/2022;21.9;28.2;24.5;92;6.8;4;1
26/05/2022;22;32.4;26.8;82;2;5;1
27/05/2022;23;33.6;28;78;4.2;6;2
28/05/2022;22;33.8;25.2;84;9;11;1
29/05/2022;22.4;33.4;27.7;75;4.5;5;1
30/05/2022;22.8;34;28.4;72;8;6;2
31/05/2022;24.6;34;28.8;70;8.5;4;2
01/06/2022;24.2;34.2;28.6;75;9.3;4;1
02/06/2022;24;31.5;27.2;80;6.2;4;1
03/06/2022;24;34;28.2;74;1;7;1
04/06/2022;22.2;31.7;26.4;81;7.2;4;1
05/06/2022;22.4;32.3;26.3;84;6.9;6;2
06/06/2022;23.2;31.8;27.2;82;5.2;6;2
07/06/2022;23.5;32.3;26.9;83;6;5;1
08/06/2022;22.8;30.2;25.7;86;2.3;5;2
09/06/2022;22.8;32.4;27.4;78;6.8;5;2
10/06/2022;23;32;26.9;82;6.7;5;1
11/06/2022;23.6;28.8;25.5;90;7.6;4;1
12/06/2022;22.4;32.2;26.5;82;0;7;2
13/06/2022;22.9;33;27.6;78;5.5;6;2
14/06/2022;22.6;32.6;26.7;82;6.1;4;1
15/06/2022;23.3;30;26.6;82;8.8;7;1
16/06/2022;23.4;33;26.8;84;0;5;1
17/06/2022;22.5;31.6;25.8;86;4.8;5;1
18/06/2022;23.2;31;26.8;83;2.6;4;1
19/06/2022;23.6;33;27.2;81;0.8;5;2
20/06/2022;23;30;25.5;86;6;4;1
21/06/2022;23.4;32.2;27;85;0.6;7;2
22/06/2022;22;31.6;25.9;85;5.5;5;2
23/06/2022;22.6;32;25.7;89;6.6;5;2
24/06/2022;22.8;32;26.7;84;3.7;5;2
25/06/2022;23.3;32.2;26.7;84;7.1;5;1
26/06/2022;22.8;33;27.2;77;2.1;4;1
27/06/2022;23.3;33.7;28;80;8.2;4;1
28/06/2022;24.3;32.6;26.9;86;6.8;6;2
29/06/2022;22.2;33.6;27;78;5.6;6;1
30/06/2022;22.4;31.2;27.1;74;8.8;5;2
01/07/2022;23;33.4;27.2;78;1.7;6;2
02/07/2022;23.2;33.6;27.5;78;8.7;5;2
03/07/2022;23.8;32.4;27.5;77;7.4;5;2
04/07/2022;23.9;33.7;28.6;74;6.8;4;1
05/07/2022;24;32.2;27.7;82;7.4;4;2
06/07/2022;23.9;34.2;27.9;77;1.2;5;2
07/07/2022;22;33.1;27.4;78;7;5;2
08/07/2022;22.2;32;26.4;84;5.8;4;0
09/07/2022;22.2;34;28.3;76;4.5;4;1
10/07/2022;23;30;25.9;86;7.2;6;2
11/07/2022;23;32.5;27.4;82;4.4;8;2
12/07/2022;21.9;31.5;25.6;84;5.8;5;2
13/07/2022;22.6;30.4;26.2;84;3.1;3;0
14/07/2022;22.8;32.8;28;85;0.7;6;2
15/07/2022;21.2;29.6;26.1;84;3.6;4;2
16/07/2022;22;33.6;28;79;9;5;2
17/07/2022;23.6;33.6;28.3;77;10.1;4;2
18/07/2022;24.5;33.9;28.8;77;8.2;4;1
19/07/2022;25.2;33.8;28.7;81;6.5;7;2
20/07/2022;22;30;25.5;91;10.4;5;1
21/07/2022;22.6;32.8;27.5;83;1.4;4;2
22/07/2022;24;31;26;90;7.7;5;2
23/07/2022;22.6;31.4;25.8;91;2.8;3;0
24/07/2022;23.4;31;26.2;90;3.6;6;2
25/07/2022;22.7;31.4;24.8;91;5.4;3;1
26/07/2022;22.6;30.9;25.7;89;4.2;4;2
27/07/2022;22.6;33.2;26.7;87;3.3;5;2
28/07/2022;23;32.5;27.1;85;7.5;6;1
29/07/2022;23.6;28;25.8;94;5.8;5;2
30/07/2022;22.8;32.3;27;84;0;5;2
31/07/2022;23.6;32.9;28.2;82;4.3;4;2
01/08/2022;23.4;33.2;28.2;80;5.8;8;2
02/08/2022;22.6;29.6;25;92;6.7;5;0
03/08/2022;23;31;25.8;93;1.2;3;1
04/08/2022;22;30.2;25.6;84;1.6;3;0
05/08/2022;23;30;26.4;90;0.9;4;0
06/08/2022;23.6;34;28.1;81;0;5;2
07/08/2022;22.6;33.5;26.7;83;4.7;6;3
08/08/2022;22.6;33.8;27.9;82;5.4;4;1
09/08/2022;23.2;34.2;27.9;82;4.6;4;2
10/08/2022;24;32.9;27.8;79;8;5;2
11/08/2022;24.2;34;28.7;78;8.8;6;2
12/08/2022;25;33.9;28.8;81;8.5;5;2
13/08/2022;23.6;30.5;26.6;84;6.6;3;1
14/08/2022;24.1;33;26.6;87;1.2;6;1
15/08/2022;22.9;34.2;26.5;83;4.3;4;0
16/08/2022;23;32.8;27.2;82;7.2;3;1
17/08/2022;23.6;33.1;27.7;84;4.6;7;2
18/08/2022;24.2;33;25.9;90;5.5;6;2
19/08/2022;22.5;32.5;26.9;84;4.8;5;2
20/08/2022;23;32.3;26.5;88;7.6;6;3
21/08/2022;22.3;32.4;26.3;83;4.5;5;2
22/08/2022;22;33.2;27.2;83;5.6;5;2
23/08/2022;22.6;29.8;25.2;90;7.9;5;1
24/08/2022;22.8;33.1;27;85;1.2;5;1
25/08/2022;23.3;34.1;27.1;84;8.6;5;2
26/08/2022;22.7;29;25.4;92;7.4;5;1
27/08/2022;23.2;31;26.7;87;0;5;2
28/08/2022;22.6;30.5;26;86;4.6;5;1
29/08/2022;22.7;29.4;25.7;88;3.6;3;2
30/08/2022;22.3;32;26.3;81;0.6;5;1
31/08/2022;22.8;33.6;28.1;79;4.8;6;2
01/09/2022;23;30;26.1;90;7.7;4;2
02/09/2022;22.8;30.4;26.1;88;2.1;5;2
03/09/2022;23;31.8;27.7;81;3;4;1
04/09/2022;23.4;33.6;28;80;1.8;4;1
05/09/2022;24.8;30.6;27.5;85;6.7;3;0
06/09/2022;23.2;32.6;27.1;85;0.5;6;1
07/09/2022;23;30.2;26;87;7.9;3;1
08/09/2022;23;32.5;27.1;81;0.4;3;1
09/09/2022;23.4;30.7;27;85;1.7;4;2
10/09/2022;23.2;33.4;27.5;78;0.7;5;2
11/09/2022;23.8;29.8;25.9;89;7.8;4;1
12/09/2022;22.7;33.6;27.2;77;2.1;3;1
13/09/2022;23;31.6;27;80;9.1;5;2
14/09/2022;22.6;32.2;26.9;78;3.4;7;1
15/09/2022;22;33.4;27.6;76;4.1;5;2
16/09/2022;23.2;33.6;27.7;81;8.8;4;1
17/09/2022;23;32.4;27.6;81;4.6;6;2
18/09/2022;23.3;29;25.6;90;5.9;4;1
19/09/2022;23;31.4;26.7;84;0;4;1
20/09/2022;23;32.2;25.9;86;2.9;5;1
21/09/2022;22.8;31.4;26.3;86;3.4;4;1
22/09/2022;22.7;29.6;;;2.5;4;0
23/09/2022;23.4;32.6;27.4;77;2.2;5;1
24/09/2022;23;33;27.2;80;4;4;1
25/09/2022;22.8;32.3;26.3;85;5.3;3;1
26/09/2022;22.8;32.8;27.8;83;1.6;4;2
27/09/2022;23.4;32.4;26.2;87;2.9;5;2
28/09/2022;23;32;26.3;86;2.4;7;1
29/09/2022;23.7;32.4;27.6;80;4.3;5;2
30/09/2022;23.6;29.5;25.2;97;4.8;4;1
01/10/2022;22.6;29.9;24.9;94;0.5;4;1
02/10/2022;22;28.5;24;94;1.5;6;1
03/10/2022;22;33.1;27.2;81;2.1;5;2
04/10/2022;22.3;32.6;26.1;84;7.5;8;2
05/10/2022;22.8;29.6;25.9;90;7.7;6;2
06/10/2022;22.4;30.5;25.9;88;0;3;1
07/10/2022;22.6;30.6;25.9;90;3.8;5;2
08/10/2022;24;31;26.9;86;1.8;8;1
09/10/2022;22.8;32.1;26.4;85;0.9;4;2
10/10/2022;22.5;30;25.5;88;5;4;1
11/10/2022;23;32.3;26.4;91;3.8;5;1
12/10/2022;22.8;31.6;26.4;85;4.6;5;2
13/10/2022;23;34.5;27.5;79;6.9;5;2
14/10/2022;23;33.1;26.1;86;8.9;7;2
15/10/2022;22.1;32;26;88;4.8;7;2
16/10/2022;22.8;33;27.3;84;6.8;6;2
17/10/2022;23;33.2;27.4;83;4.4;6;2
18/10/2022;22.8;34;27.2;82;9.3;5;1
19/10/2022;23.4;33.1;27.7;76;5.7;4;1
20/10/2022;23.2;32.8;28.4;73;4.8;5;2
21/10/2022;22.4;33;28.1;72;7.8;3;1
22/10/2022;22.8;32.3;26.9;82;7.5;5;3
23/10/2022;23.6;30.7;26.9;84;7;5;1
24/10/2022;24;31.8;26.4;90;0.1;7;2
25/10/2022;23;31.8;26.1;88;2.8;6;2
26/10/2022;22.5;31.5;25.8;87;5.2;10;3
27/10/2022;22.8;32;26;92;3.5;9;2
28/10/2022;22.7;32.8;26;89;6.1;4;1
29/10/2022;23.1;31.6;26.7;88;7.5;5;2
30/10/2022;23.4;33.1;26.2;88;3.4;5;2
31/10/2022;23.6;32;27.2;84;5;6;1
01/11/2022;23.8;33.2;26.8;88;4.1;4;1
02/11/2022;23.4;31.6;27.1;87;2.8;4;1
03/11/2022;23;30.6;26;90;5.1;3;1
04/11/2022;23;33.4;27.2;83;1.3;5;2
05/11/2022;23;31.2;25.9;90;6.3;4;1
06/11/2022;23.6;31.5;26.4;92;0.8;5;2
07/11/2022;22.7;31.2;26.1;88;1.2;3;1
08/11/2022;22.8;31.4;26.1;88;3.3;5;2
09/11/2022;23.6;31.4;25.8;90;0.6;6;2
10/11/2022;22.4;29.2;25.4;93;4.3;5;1
11/11/2022;23.2;31.4;26.5;88;0.1;6;3
12/11/2022;22.7;30;25.6;90;4.8;4;2
13/11/2022;23.2;31.5;25.7;92;2.1;5;0
14/11/2022;23;30.5;25.6;92;1.7;4;1
15/11/2022;23.2;32.2;26.5;86;3.1;6;2
16/11/2022;23.6;31.9;26.8;82;4.3;6;3
17/11/2022;23.6;;27.4;79;4.1;6;2
18/11/2022;23.8;33.5;27.7;76;6.4;7;3
19/11/2022;23.6;29.6;25.6;92;7.4;6;3
20/11/2022;23;33.4;27.6;78;0;6;2
21/11/2022;23;33.7;27.5;78;4.8;4;2
22/11/2022;23.7;32;27.5;84;7.5;4;1
23/11/2022;24.2;30.1;26.6;87;6.1;3;1
24/11/2022;23.8;33.1;26.7;85;0.3;9;1
25/11/2022;23.5;32;27.2;83;6.2;3;1
26/11/2022;23.6;33.8;28.3;72;3.1;4;1
27/11/2022;23.6;33;26.7;86;8.3;3;1
28/11/2022;24;30.9;25.7;95;5.2;6;1
29/11/2022;23.2;31.6;26.5;87;2;4;1
30/11/2022;22.7;32.4;26.7;84;4.5;6;2
01/12/2022;22.2;31;25.2;89;6;6;2
02/12/2022;22.6;31.5;26.7;83;6.4;6;2
03/12/2022;22.6;31.8;26.5;83;5;6;2
04/12/2022;23.4;29.4;26.3;89;3.2;4;1
05/12/2022;23.8;31.8;26;89;0;4;1
06/12/2022;22.7;32.2;26.8;82;5.4;4;1
07/12/2022;22.8;33;26.8;85;7.9;4;1
08/12/2022;23.8;32;26.2;92;5.1;6;2
09/12/2022;23.4;29;25.6;90;3.6;6;3
10/12/2022;22.5;32;25.6;86;0.7;8;3
11/12/2022;22.8;27.3;24.7;94;6.3;4;2
12/12/2022;23.1;29.2;25.5;90;0;5;1
13/12/2022;23.2;29.1;25.5;93;1;7;1
14/12/2022;23.4;31.4;26.1;90;0.2;4;1
15/12/2022;22.7;28.2;25.2;92;1.6;4;1
16/12/2022;23.5;30.2;26.4;89;0;4;2
17/12/2022;23.4;30.6;26.2;92;2.7;6;1
18/12/2022;24;31.2;26.3;89;1;6;2
19/12/2022;21.8;31.2;25.3;90;4.4;4;1
20/12/2022;22.5;31.2;26.9;88;1.7;4;1
21/12/2022;22.3;31.8;26.6;85;4.8;5;1
22/12/2022;22.5;29.5;25.5;90;;6;3
23/12/2022;23.4;32;25.7;92;1.6;6;1
24/12/2022;22.6;31.2;26.4;85;3.9;4;1
25/12/2022;23;30.5;26.1;86;4;5;2
26/12/2022;23.8;31;26.9;82;3.8;4;2
27/12/2022;23.9;31.5;26.6;87;4;5;1
28/12/2022;23.8;29.2;26.1;91;2.1;7;2
29/12/2022;21.8;31.9;25.6;89;0.2;8;3
30/12/2022;22.2;30.8;24.5;92;4.2;8;2
31/12/2022;21.7;32.4;25.9;86;3.2;6;3
01/01/2023;21;30.4;25.8;88;8;4;1
02/01/2023;22.4;31.3;26.4;87;0.5;5;2
03/01/2023;23.5;29.8;25.5;90;1.8;5;2
04/01/2023;22.8;28;24.5;94;0;4;1
05/01/2023;22.4;31;26.3;85;0;5;2
06/01/2023;22.6;33.2;26.7;85;4.6;5;2
07/01/2023;23.4;33.1;25.8;86;7.7;10;3
08/01/2023;23.2;33.4;27.2;81;6.3;5;2
09/01/2023;23;31.9;26.7;85;8.2;4;2
10/01/2023;23.6;32;27.1;86;2.9;5;1
11/01/2023;23.3;30.2;26.1;86;3.2;3;1
12/01/2023;23.4;33.2;27.8;79;0.1;3;2
13/01/2023;22.9;31;25.7;92;7.3;5;1
14/01/2023;23.2;33.3;26.7;87;0.6;7;2
15/01/2023;22.4;29.8;26;88;6.4;4;2
16/01/2023;22.2;32.6;26.7;86;1.3;7;2
17/01/2023;23;29.2;25;92;6.5;5;2
18/01/2023;23;31;26;85;2.1;5;1
19/01/2023;23;31;25.5;89;2.3;4;2
20/01/2023;;30.5;26.1;92;2.6;5;2
21/01/2023;22.4;29.6;25.3;92;2.5;4;2
22/01/2023;;30.6;25.7;92;2.1;5;2
23/01/2023;22.8;29.2;;;3.6;4;2
24/01/2023;22.7;27.1;24.1;94;0.8;5;3
25/01/2023;22.7;29.5;24.4;93;0;8;2
26/01/2023;22.6;30.2;25.8;85;0;5;2
27/01/2023;22.2;30.4;25.6;88;3.7;5;2
28/01/2023;22.8;30.4;25.1;90;3.9;7;2
29/01/2023;23;29.5;25.6;86;1.1;7;3
30/01/2023;22.8;31;26;86;3.3;6;2
31/01/2023;;29.8;25.8;89;2.4;4;1
01/02/2023;23.3;33.4;27.3;80;1.5;9;2
02/02/2023;21.8;33;26.5;83;8.9;6;2
03/02/2023;21.6;33;26.4;83;7.4;5;2
04/02/2023;21.7;30.5;25.4;89;7.5;5;2
05/02/2023;;30.4;25.5;91;4.9;6;2
06/02/2023;23;31.4;26.6;84;2.1;5;3
07/02/2023;23.8;32.2;26.9;81;4.3;5;2
08/02/2023;23.7;32.4;27.1;86;3.7;5;2
09/02/2023;23.5;33;27;82;6.2;7;2
10/02/2023;22;31.6;26.3;83;5.2;4;2
11/02/2023;22.2;33.2;27.5;77;8.4;6;3
12/02/2023;23.5;31.4;26.8;84;5.9;4;1
13/02/2023;23.4;32.8;27.3;80;1.1;4;2
14/02/2023;;34.2;27.6;77;5.4;5;2
15/02/2023;23.2;31.6;26.1;90;8.2;6;2
16/02/2023;23.7;32.4;26.9;76;4.6;5;2
17/02/2023;22.7;32.2;26.7;80;7.5;5;2
18/02/2023;23;33;27.3;81;6.3;5;2
19/02/2023;23.4;30;25.6;92;6.5;5;1
20/02/2023;23;31.2;26.2;89;0.6;5;2
21/02/2023;23;31.6;25.7;88;4.2;8;2
22/02/2023;23;27.4;24.7;96;3.3;10;2
23/02/2023;22.9;31;26.2;86;0.2;4;1
24/02/2023;;28;25.1;95;1.8;5;1
25/02/2023;22.6;31;25.8;86;0;4;1
26/02/2023;23;32;26.4;82;;6;2
27/02/2023;22.6;31.3;26.1;82;4.3;8;3
28/02/2023;22.2;32.3;24.7;94;1.9;5;1
01/03/2023;23;26;24.5;96;0.3;5;2
02/03/2023;23.4;31;26.5;82;0;5;2
03/03/2023;23;26.9;23.8;99;5.8;4;2
04/03/2023;22.3;28.2;24.4;94;0;5;2
05/03/2023;22;29;24.9;92;0;5;1
06/03/2023;21.2;31;25.5;82;2.6;5;2
07/03/2023;22.2;32.7;26.4;81;5.5;6;2
08/03/2023;23;31;26.4;84;5.4;5;2
09/03/2023;;31.4;27.2;84;3;4;2
10/03/2023;24.3;32.6;26.8;86;2.1;5;2
11/03/2023;23.4;30.1;26;93;4.8;4;1
12/03/2023;23.6;32.4;26.9;87;1.7;5;1
13/03/2023;23.4;29.8;25.9;94;5;6;2
14/03/2023;22.5;30.2;25.8;85;3;6;2
15/03/2023;23;30.6;26.6;84;3.7;3;1
16/03/2023;23.6;30.6;26.7;83;2;4;1
17/03/2023;23.6;32.9;27.7;81;3.7;5;2
18/03/2023;24.3;32.6;27.5;83;5.1;4;2
19/03/2023;24.8;32.8;28.2;79;5.1;4;2
20/03/2023;24.8;32.4;27.5;82;3.8;6;2
21/03/2023;22.2;31.1;25.2;88;2;8;1
22/03/2023;22.3;32.7;27.3;82;1;5;1
23/03/2023;23.6;34;27.4;85;5.8;5;2
24/03/2023;23.3;33.9;25.9;89;4;6;2
25/03/2023;23.4;32.4;25.7;90;6.8;11;2
26/03/2023;22.3;32.6;27;83;4.6;4;2
27/03/2023;;;;;;;
28/03/2023;23;33.4;26.4;87;0.5;7;1
29/03/2023;23.3;33.8;28.3;80;7.6;3;1
30/03/2023;24.8;30.2;25.4;98;5.4;8;2
31/03/2023;22.5;31.8;25.7;90;2.9;6;1
01/04/2023;22.3;30.8;26.1;93;2.6;5;2
02/04/2023;23.6;32.4;27.5;83;2.6;4;2
03/04/2023;23.3;32.5;26.5;84;5.4;7;2
04/04/2023;23.5;34.6;28.2;78;3;5;2
05/04/2023;23.2;33.1;26.3;88;9.1;5;2
06/04/2023;23.2;34.9;27.6;78;2.9;5;2
07/04/2023;23.3;32.4;27.6;82;6.1;6;1
08/04/2023;22.7;33.6;27.5;80;5.5;6;2
09/04/2023;22.9;30.9;25.1;94;8.9;6;2
10/04/2023;22.9;33.4;26.6;88;1.1;4;1
11/04/2023;23;33.7;27.9;80;6.1;4;1
12/04/2023;23.5;34.4;28.6;80;5.6;5;2
13/04/2023;22;33.8;;;6.7;5;2
14/04/2023;24.6;34.2;28.8;83;9.7;5;2
15/04/2023;25;32.4;27.6;92;7.5;4;2
16/04/2023;23.2;33.3;27.3;82;0;5;3
17/04/2023;23;34;27.6;81;4.7;5;1
18/04/2023;23.4;32.6;26.8;93;8.5;3;1
19/04/2023;23.8;32;;;3;4;2
20/04/2023;23.8;33;27.4;89;3;5;2
21/04/2023;23.2;33;27.6;85;6.3;3;1
22/04/2023;24.3;32.2;27.2;90;4.3;8;2
23/04/2023;23.8;31.8;27.3;87;2;6;2
24/04/2023;23.4;34.9;27.1;85;4.3;5;2
25/04/2023;24;33.6;27.2;88;6.3;4;1
26/04/2023;24.1;34.2;27.2;90;5.5;5;2
27/04/2023;23.9;31.8;27;88;5.9;6;2
28/04/2023;24.2;34.2;28;84;5.2;4;2
29/04/2023;24.6;32.2;26.8;94;4.9;6;2
30/04/2023;22.6;32.8;27.2;91;4.5;7;2
01/05/2023;24.2;33.2;27.6;84;3.8;4;1
02/05/2023;24.6;34;28.3;88;3.2;5;2
03/05/2023;24;33.5;27.2;90;5.7;4;2
04/05/2023;24.7;32.7;27.7;89;4.5;6;1
05/05/2023;22.5;33.6;28.3;83;2.6;5;2
06/05/2023;24.3;33.9;28.4;85;6.5;6;2
07/05/2023;24.4;33.4;27.6;84;8.6;5;1
08/05/2023;24.4;32.4;27.9;82;1.9;5;2
09/05/2023;23.8;35.7;28.4;79;2.8;4;2
10/05/2023;24.2;34;29.4;77;7.5;5;2
11/05/2023;25;33;28.4;84;7.1;5;3
12/05/2023;24.5;33.2;27.5;90;4.2;3;1
13/05/2023;23.8;34.8;28.7;82;4.7;4;1
14/05/2023;24.7;35.6;29.7;78;8.5;5;2
15/05/2023;25.4;34.5;29.2;82;9.3;5;1
16/05/2023;24.9;34.8;28.3;85;6;4;2
17/05/2023;22.9;32.8;28.2;82;6.9;8;2
18/05/2023;23;34.1;28.1;80;3.6;7;2
19/05/2023;23.4;33.4;27.1;86;8.6;5;2
20/05/2023;22.8;34;27.8;80;5.3;5;1
21/05/2023;23.2;31.4;26.2;96;8;11;1
22/05/2023;23.8;34.2;27.2;84;2;6;1
23/05/2023;22;31;26.1;91;5.2;5;2
24/05/2023;23;34.2;28.8;76;2.4;3;1
25/05/2023;23.4;33.5;28.8;82;9.2;5;2
26/05/2023;22.4;31.5;27.4;90;8.5;4;1
27/05/2023;24.9;33;28.1;88;2.7;8;2
28/05/2023;23.7;33.6;26.6;90;2.5;5;2
29/05/2023;23.5;34;28.7;74;7.1;4;2
30/05/2023;22.6;34.4;28.3;77;8.8;5;2
31/05/2023;23.6;35;28.4;80;8.6;3;2
01/06/2023;24;27.7;25.4;94;7.6;4;1
02/06/2023;23.6;35;29;79;0;4;2
03/06/2023;24.2;34.3;29;82;7.1;5;3
04/06/2023;25.3;26.6;24.8;100;7.5;11;2
05/06/2023;22.5;33;27.1;84;0;9;2
06/06/2023;22.8;33.6;27.5;81;7.7;3;1
07/06/2023;22.8;30.4;25.9;90;7.1;5;2
08/06/2023;23.2;33.3;28.1;81;0.3;5;3
09/06/2023;24.6;33.1;28.8;78;6;7;2
10/06/2023;24.6;33.7;28.8;80;8.2;7;3
11/06/2023;24.3;34.2;28.6;82;8.2;8;3
12/06/2023;23.6;31.2;26.9;87;7.7;5;2
13/06/2023;23.6;33.1;28.1;82;2;6;3
14/06/2023;23.7;33.5;28;81;6.9;6;2
15/06/2023;24;35;29.1;74;5.6;5;1
16/06/2023;24.5;34.8;28.9;76;8.3;5;2
17/06/2023;24.2;34.5;28.9;76;8.5;5;2
18/06/2023;24.4;35.2;29.2;71;7.7;6;3
19/06/2023;24.2;34.8;29.1;76;8.2;4;1
20/06/2023;23.8;34;28.7;74;6.2;4;2
21/06/2023;24.2;34.4;28.5;78;6.3;6;2
22/06/2023;24.4;34.2;28.9;75;9;6;2
23/06/2023;24.8;32.7;27.3;83;6.7;10;2
24/06/2023;23;33.3;27.4;77;3.5;8;3
25/06/2023;22.9;33.2;26.9;82;6.2;4;1
26/06/2023;23;32.1;26.8;84;5.3;4;2
27/06/2023;22.4;31.4;26;85;4.5;9;2
28/06/2023;22.4;32;26.6;83;1.3;4;2
29/06/2023;22.9;34.2;28.8;80;4.4;5;2
30/06/2023;23.8;33.7;27.6;82;8.5;4;2
01/07/2023;23;34.1;27.1;82;7.1;3;2
02/07/2023;23.4;33.4;28.1;78;3.1;4;2
03/07/2023;24.6;33.1;28.2;78;7;4;1
04/07/2023;24.5;33.7;28.1;81;3.1;5;2
05/07/2023;23.3;31;25.2;88;5.7;5;2
06/07/2023;23;32.2;27;82;3.9;4;1
07/07/2023;23.4;32.4;27.4;81;3.1;4;2
08/07/2023;22.4;33.4;27.1;76;3.2;4;3
09/07/2023;22.8;33.5;27.6;80;6.7;6;2
10/07/2023;23.7;31.8;27.2;82;5.2;7;2
11/07/2023;23.1;33.1;26;88;5.9;5;2
12/07/2023;23.8;33;27.5;82;4.1;4;2
13/07/2023;24;34.4;28.4;78;7.3;7;1
14/07/2023;23.4;30.4;26.4;84;7.7;3;1
15/07/2023;23.4;32;27.4;80;0;5;1
16/07/2023;24;34.4;28.7;74;5;3;1
17/07/2023;23.9;32.7;28.1;79;;5;2
18/07/2023;24.6;30.2;26.6;87;5.4;5;2
19/07/2023;24;30.7;26.5;77;0.7;7;3
20/07/2023;23.4;29;25.6;88;2.3;4;3
21/07/2023;23.2;35.2;27.7;76;0.7;7;2
22/07/2023;23.4;35;28.6;78;8.3;7;3
23/07/2023;22.5;32.6;25.9;83;7.1;8;2
24/07/2023;22.6;35.4;28;75;5.8;5;2
25/07/2023;22.8;35;28.6;71;6.5;5;1
26/07/2023;23.8;34.5;28.9;72;9;5;2
27/07/2023;24.1;33.8;28.6;75;9;5;1
28/07/2023;24.8;34.6;29.1;76;6.6;5;2
29/07/2023;24.8;33;28.6;77;4.8;6;3
30/07/2023;25.8;32.8;28.4;76;7.4;7;4
31/07/2023;23.8;31.8;27.1;76;6.8;6;3
01/08/2023;23.9;31.9;27.8;74;4.8;6;3
02/08/2023;23.4;34;28;72;4;4;2
03/08/2023;23.5;30;26.8;83;6;7;2
04/08/2023;23.5;34;28.5;76;0;7;3
05/08/2023;23.8;33.3;28.3;78;6.9;6;3
06/08/2023;23.3;34.6;28.4;73;7.7;6;2
07/08/2023;24.1;34;28.4;75;9.3;6;2
08/08/2023;24.1;34;26.6;84;8.7;5;2
09/08/2023;23.3;32.4;26.7;85;6.9;7;2
10/08/2023;23;33.1;27.4;83;4.9;5;3
11/08/2023;23;32.8;27.1;80;5.9;5;2
12/08/2023;23.4;30.3;26.7;88;8.9;2;0
13/08/2023;24.3;31.6;27.1;84;0;5;2
14/08/2023;25;26.8;25.1;95;1.5;4;1
15/08/2023;22.4;32;26.1;86;1.5;4;1
16/08/2023;22.4;32;27.7;83;5.9;6;2
17/08/2023;24.3;30.6;26.7;90;2.9;3;1
18/08/2023;23.6;31.9;26.3;88;1.1;4;1
19/08/2023;23.2;31.2;25.8;87;0.3;5;2
20/08/2023;23.5;32.8;26.3;88;1.8;4;2
21/08/2023;23.2;28;25.1;92;5.9;4;1
22/08/2023;22.5;31.4;26.9;84;0;6;2
23/08/2023;23.4;33.4;28.1;77;5.5;6;2
24/08/2023;23.8;33.5;27.4;82;8.7;6;3
25/08/2023;23.8;32.5;28.2;80;6.9;5;2
26/08/2023;23.2;32.6;26.8;88;6.5;5;2
27/08/2023;23.8;34;27.8;84;7;6;2
28/08/2023;22.6;33.4;27;81;7.4;6;2
29/08/2023;23.2;32;26.7;85;5.3;9;2
30/08/2023;23.2;30.6;26.7;89;3.6;4;1
31/08/2023;23.8;30.4;27.3;84;2.9;5;2
01/09/2023;24.6;32.8;28.3;79;0.2;5;1
02/09/2023;23.6;33.4;28.2;78;7.2;5;1
03/09/2023;24.5;32.4;27.6;81;7.1;7;2
04/09/2023;25.2;31.4;27.6;83;2.8;6;2
05/09/2023;25.6;32.1;27.9;79;2.9;5;2
06/09/2023;25.6;29;24.5;97;4.6;5;1
07/09/2023;22.2;31;25.9;87;0;4;1
08/09/2023;22.5;33.2;28.1;84;1;7;3
09/09/2023;22.9;29.5;25.7;93;6.6;4;1
10/09/2023;23.2;32.6;26.4;88;0;5;1
11/09/2023;22.8;33.1;26.6;85;4.4;5;2
12/09/2023;23.1;32.8;28;81;6.7;8;2
13/09/2023;24.8;33.8;28.7;78;7.4;6;2
14/09/2023;23.8;34.2;28.3;77;8.2;6;2
15/09/2023;24;33.4;28.4;79;8.3;6;2
16/09/2023;24.6;34;29.1;74;4.3;7;3
17/09/2023;24;33.5;28.3;79;8.5;6;2
18/09/2023;24.3;33.2;27.1;88;5.7;5;2
19/09/2023;23.2;33.8;28.1;84;4.3;3;2
20/09/2023;23.8;32.4;26.9;87;5.1;5;1
21/09/2023;23.2;33.6;27.8;82;5.7;6;3
22/09/2023;22.9;33.5;27.2;84;8.4;9;2
23/09/2023;22.8;34.2;27.5;82;6.8;4;1
24/09/2023;22.8;33;26.1;88;5.6;5;2
25/09/2023;23;33.5;27.9;74;2.6;5;2
26/09/2023;24.2;34.4;29;71;7.4;7;3
27/09/2023;23.1;34.6;28.2;73;6.5;8;3
28/09/2023;23;33.8;28;71;7.5;6;2
29/09/2023;23.6;34;28.3;78;6.1;6;2
30/09/2023;24;32.6;27.3;87;5;4;1
01/10/2023;24.6;33.3;27.4;85;0;5;2
02/10/2023;;;;;;;
03/10/2023;;;;;;;
04/10/2023;23.6;33;28;83;0.2;5;2
05/10/2023;24.4;32.2;27.1;90;4.8;6;2
06/10/2023;24.3;34.1;29;81;2;5;2
07/10/2023;24.2;34;28.6;77;2.9;5;2
08/10/2023;23.8;34;28.4;81;4.9;5;2
09/10/2023;24;35;27.1;87;5.9;7;2
10/10/2023;23.8;33.2;27.5;85;4.3;4;2
11/10/2023;23;34.1;28;80;5.2;4;2
12/10/2023;24.7;33.6;27.6;87;5.6;8;2
13/10/2023;25.4;33.8;28.9;79;5.7;5;2
14/10/2023;24.4;34;28.5;81;5.8;5;2
15/10/2023;24.3;33.2;27.2;86;6;6;2
16/10/2023;23.4;33.2;27.4;86;2.8;4;1
17/10/2023;24;34.2;28.5;82;2.7;5;1
18/10/2023;25;31.9;27;90;4.3;5;1
19/10/2023;23.7;31.6;26.6;91;0;4;2
20/10/2023;23;32.5;25.7;92;1.4;6;2
21/10/2023;23.2;33;27.7;84;4.8;9;2
22/10/2023;21.9;30.9;;;5.6;4;1
23/10/2023;;;;;;;
24/10/2023;23.7;31.2;26.1;90;2.3;6;3
25/10/2023;22.9;33;26.7;86;3.4;6;2
26/10/2023;23.1;30.5;25.6;91;7;5;2
27/10/2023;23;31.9;26.6;88;3.7;4;1
28/10/2023;22.5;32;25.9;91;2.8;5;2
29/10/2023;22.8;32.9;26.3;91;4.7;5;2
30/10/2023;23;32.2;27.5;87;;3;0
31/10/2023;23.9;30.5;26;95;3.6;7;2